,train,test
0.1,0.18551549999999972,0.009896500000000419
0.2,0.1692790000000004,0.012724000000000402
0.3,0.22914250000000003,0.009831500000000215
0.4,0.43663200000000035,0.00858150000000002
0.5,0.307928,0.007132999999999612
0.6,0.3341394999999996,0.005993500000000207
0.7,0.359227999999999,0.004921000000000397
0.8,0.7242524999999995,0.0030215000000000103
0.9,0.5502265,0.002935500000001312
