,train,test
0.1,0.15991199999999983,0.003514000000000017
0.2,0.30531899999999945,0.0042640000000000455
0.3,0.38893350000000027,0.0037634999999998087
0.4,0.4925445000000006,0.0033119999999997596
0.5,0.6316484999999998,0.00308699999999984
0.6,0.7773705,0.002735500000000002
0.7,0.8779300000000001,0.002291500000000113
0.8,0.9902205000000013,0.0017119999999994917
0.9,1.1734904999999998,0.0011315000000013953
