,train,test
0.1,0.006150499999999948,0.0018020000000000813
0.2,0.0061389999999998945,0.0014680000000000248
0.3,0.006309999999999816,0.0014224999999998822
0.4,0.006756500000000054,0.0013524999999998677
0.5,0.007006500000000138,0.0012095000000000855
0.6,0.007280999999999871,0.0011920000000000819
0.7,0.007815999999999823,0.0011265000000000303
0.8,0.007904999999999829,0.001000000000000112
0.9,0.008041999999999883,0.0009424999999998462
