,train,test
0.1,0.049811999999999745,0.0013584999999998182
0.2,0.087812,0.0015895000000001325
0.3,0.12914500000000007,0.001679500000000056
0.4,0.17555349999999992,0.0016025000000001732
0.5,0.2092139999999998,0.0012870000000000381
0.6,0.25179600000000013,0.0011015000000003106
0.7,0.28556250000000016,0.0010390000000004562
0.8,0.33112200000000014,0.000756000000000423
0.9,0.41496350000000026,0.0006220000000003445
