mean_fit_time,std_fit_time,mean_score_time,std_score_time,param_DTClassifier__criterion,param_DTClassifier__max_depth,params,split0_test_score,split1_test_score,split2_test_score,split3_test_score,split4_test_score,mean_test_score,std_test_score,rank_test_score
0.004545259475708008,0.00014451717343097047,0.002209901809692383,0.00010814031787511722,gini,20,"{'DTClassifier__criterion': 'gini', 'DTClassifier__max_depth': 20}",0.4155844153942392,0.34146341445396255,0.3764705880752941,0.4016064255099111,0.3157894735224151,0.3701828633911644,0.03707215739849073,1
0.004339742660522461,0.00013299247360305862,0.001998615264892578,2.882455970841761e-05,gini,40,"{'DTClassifier__criterion': 'gini', 'DTClassifier__max_depth': 40}",0.4155844153942392,0.34146341445396255,0.3764705880752941,0.4016064255099111,0.3157894735224151,0.3701828633911644,0.03707215739849073,1
0.004098176956176758,4.530906576880452e-05,0.0018929004669189452,3.916009013115088e-05,gini,60,"{'DTClassifier__criterion': 'gini', 'DTClassifier__max_depth': 60}",0.4155844153942392,0.34146341445396255,0.3764705880752941,0.4016064255099111,0.3157894735224151,0.3701828633911644,0.03707215739849073,1
