,train,test
0.1,0.00104750000000009,0.0002509999999997792
0.2,0.0012769999999999726,0.00022650000000012938
0.3,0.0017984999999998141,0.0002695000000001446
0.4,0.00224750000000018,0.00022999999999995246
0.5,0.0023299999999999432,0.00018500000000010175
0.6,0.0027639999999999887,0.00018049999999991684
0.7,0.002970499999999987,0.00015950000000009013
0.8,0.0032760000000000566,0.00014900000000017677
0.9,0.002927000000000124,0.0001309999999998812
