mean_fit_time,std_fit_time,mean_score_time,std_score_time,param_DTClassifier__criterion,param_DTClassifier__max_depth,params,split0_test_score,split1_test_score,split2_test_score,split3_test_score,split4_test_score,split5_test_score,split6_test_score,split7_test_score,split8_test_score,split9_test_score,mean_test_score,std_test_score,rank_test_score
0.0034635782241821287,0.000469854622411046,0.00015532970428466797,2.6267679716164028e-05,gini,20,"{'DTClassifier__criterion': 'gini', 'DTClassifier__max_depth': 20}",0.5875,0.625,0.6125,0.7625,0.5375,0.6375,0.6125,0.6375,0.6125,0.6,0.6224999999999998,0.054141019569269276,3
0.0030629873275756837,0.00013158474306302056,0.00014190673828125,1.1683872688426646e-05,gini,40,"{'DTClassifier__criterion': 'gini', 'DTClassifier__max_depth': 40}",0.5875,0.625,0.6125,0.7625,0.5375,0.625,0.6125,0.6375,0.6125,0.6125,0.6224999999999999,0.05356071321407137,1
0.0030432224273681642,0.00010605177857369417,0.0001358509063720703,7.110152107940323e-06,gini,60,"{'DTClassifier__criterion': 'gini', 'DTClassifier__max_depth': 60}",0.5875,0.625,0.6125,0.7625,0.5375,0.625,0.6125,0.6375,0.6125,0.6125,0.6224999999999999,0.05356071321407137,1
