,train,test
0.1,0.0009400000000001629,0.00023700000000004273
0.2,0.0012695000000000345,0.00019999999999997797
0.3,0.0016479999999998718,0.000228000000000117
0.4,0.0018000000000000238,0.00018799999999985495
0.5,0.002274500000000179,0.00017099999999992122
0.6,0.0025849999999998374,0.00019250000000003986
0.7,0.0029679999999998596,0.00018150000000005662
0.8,0.0033684999999998855,0.00014999999999987246
0.9,0.0036255000000000592,0.00019049999999998235
