,train,test
0.1,0.0019734999999998504,0.0013654999999999085
0.2,0.0025530000000000275,0.0014879999999999338
0.3,0.0025690000000000435,0.0013100000000001444
0.4,0.00294300000000014,0.0013250000000000206
0.5,0.00327899999999981,0.0013619999999998633
0.6,0.0036770000000001524,0.0013009999999999966
0.7,0.003984999999999905,0.001286999999999816
0.8,0.004704999999999737,0.0012740000000002194
0.9,0.004988500000000284,0.001296000000000186
