,train,test
0.1,0.012885500000000105,0.21721049999999975
0.2,0.01881350000000026,0.27458099999999996
0.3,0.023109500000000116,0.25312349999999983
0.4,0.026285000000000114,0.22451350000000048
0.5,0.02847849999999985,0.19921699999999998
0.6,0.03228799999999987,0.16450349999999947
0.7,0.05593899999999996,0.13806699999999994
0.8,0.05942550000000013,0.09226249999999947
0.9,0.06049450000000034,0.05172200000000027
