,train,test
0.1,0.006198000000000148,0.0017464999999998732
0.2,0.005973500000000076,0.0014169999999997795
0.3,0.006825499999999929,0.001392000000000282
0.4,0.00661249999999991,0.0012585000000000512
0.5,0.0071190000000000975,0.0012734999999999275
0.6,0.008049000000000195,0.0012970000000001036
0.7,0.0077344999999999775,0.0011039999999997718
0.8,0.00843550000000004,0.0011169999999998126
0.9,0.008209500000000203,0.0010330000000000616
