,train,test
0.1,0.005638000000000032,0.00166350000000004
0.2,0.0056315000000000115,0.0013255000000000905
0.3,0.006270500000000068,0.0013574999999999005
0.4,0.006219999999999892,0.0012165000000001758
0.5,0.007071999999999967,0.0014134999999999565
0.6,0.007372500000000004,0.0011455000000000215
0.7,0.007504499999999803,0.0010845000000001548
0.8,0.007487499999999869,0.0010255000000001235
0.9,0.008256500000000111,0.0010049999999999226
