,train,test
0.1,0.12040350000000011,0.0009989999999999721
0.2,0.11840149999999983,0.0007879999999997889
0.3,0.13395900000000016,0.0007885000000000808
0.4,0.1298029999999999,0.000676000000000121
0.5,0.13101450000000026,0.0007730000000001347
0.6,0.13299299999999992,0.0007005000000002148
0.7,0.14184750000000035,0.0006869999999996601
0.8,0.13929999999999998,0.0007905000000003604
0.9,0.13732250000000024,0.0005959999999998189
