mean_fit_time,std_fit_time,mean_score_time,std_score_time,param_LRClassifier__penalty,params,split0_test_score,split1_test_score,split2_test_score,split3_test_score,split4_test_score,mean_test_score,std_test_score,rank_test_score
0.03709840774536133,0.001686288479589725,0.0021643638610839844,0.00021838059044527037,l2,{'LRClassifier__penalty': 'l2'},0.2620087335011156,0.2655601658821301,0.2836879431787133,0.40677966085160705,0.371584699312849,0.317924240545283,0.05969153181761368,1
