,train,test
0.1,0.0037920000000000176,0.0007079999999999309
0.2,0.0039679999999999715,0.0006419999999998094
0.3,0.0043239999999999945,0.0007175000000001486
0.4,0.004434000000000049,0.0006244999999998058
0.5,0.004687500000000178,0.0006210000000002047
0.6,0.005015500000000062,0.0005960000000000409
0.7,0.005171999999999954,0.0005645000000000788
0.8,0.005423000000000178,0.0005625000000000213
0.9,0.00592450000000011,0.0005145000000001954
