,train,test
0.1,0.00414049999999988,0.0007584999999998843
0.2,0.003961000000000103,0.0006420000000000314
0.3,0.004154500000000061,0.0006360000000000809
0.4,0.004669000000000034,0.0006250000000000977
0.5,0.004908499999999982,0.0006265000000000853
0.6,0.005071000000000048,0.0006279999999998509
0.7,0.005345500000000003,0.0005930000000000657
0.8,0.005592500000000111,0.00057549999999984
0.9,0.006000500000000075,0.0006009999999998517
