,train,test
0.1,0.29468700000000014,0.01515500000000003
0.2,0.42328100000000024,0.014944499999999916
0.3,0.6179869999999994,0.015267999999999837
0.4,0.8048764999999989,0.014714500000001074
0.5,0.9096675000000003,0.014586500000000058
0.6,1.0807580000000012,0.013157499999999267
0.7,1.2277515,0.01228100000000154
0.8,1.5119799999999994,0.010835499999998888
0.9,1.7358185000000024,0.00946649999999849
