,train,test
0.1,0.08006100000000016,0.011612000000000178
0.2,0.15205049999999987,0.011205499999999757
0.3,0.1651384999999994,0.011179499999999454
0.4,0.1551515000000001,0.011757999999999935
0.5,0.1774825,0.010718500000000297
0.6,0.21841599999999994,0.010637000000000008
0.7,0.24270049999999976,0.010352999999999835
0.8,0.28716050000000015,0.009901499999999785
0.9,0.28697799999999996,0.008487499999999759
